report_id,vessel_type,speed_knots,displacement_tonnes,load_fraction,sea_state_beaufort,months_since_drydock,engine_power_kw,engine_load_fraction,sfoc_g_per_kwh,fuel_consumption_rate_t_per_day,distance_run_24h_nm,fuel_type
NOON_0001,Container_14000TEU,20.45,121200.0,0.635,7,4,62640.0,1.08,172.33,243.91,499.9,VLSFO
NOON_0002,Container_14000TEU,20.28,148320.0,0.861,0,34,62640.0,1.08,172.33,252.44,478.1,VLSFO
NOON_0003,Container_14000TEU,22.51,137280.0,0.769,1,27,62640.0,1.08,172.33,252.39,536.6,VLSFO
NOON_0004,Container_14000TEU,10.86,151560.0,0.888,1,22,20946.5,0.361,174.79,87.38,255.8,VLSFO
NOON_0005,Container_14000TEU,23.1,156720.0,0.931,2,37,62640.0,1.08,172.33,263.21,533.7,VLSFO
NOON_0006,Container_14000TEU,12.08,140280.0,0.794,1,9,27745.3,0.478,170.29,112.01,284.0,VLSFO
NOON_0007,Container_14000TEU,15.0,123600.0,0.655,2,23,55426.1,0.956,168.46,218.44,350.5,VLSFO
NOON_0008,Container_14000TEU,19.04,121080.0,0.634,4,6,62640.0,1.08,172.33,249.97,447.2,VLSFO
NOON_0009,Container_14000TEU,21.24,149760.0,0.873,3,44,62640.0,1.08,172.33,265.84,493.6,VLSFO
NOON_0010,Container_14000TEU,12.7,87600.0,0.355,0,14,23966.8,0.413,172.59,101.15,305.5,VLSFO
NOON_0011,Container_14000TEU,20.54,122760.0,0.648,1,1,62640.0,1.08,172.33,270.69,493.0,VLSFO
NOON_0012,Container_14000TEU,16.36,131040.0,0.717,8,6,62640.0,1.08,172.33,260.33,390.0,VLSFO
NOON_0013,Container_14000TEU,17.55,110760.0,0.548,0,17,62640.0,1.08,172.33,265.74,414.7,VLSFO
NOON_0014,Container_14000TEU,21.52,105240.0,0.502,0,21,62640.0,1.08,172.33,262.93,504.9,VLSFO
NOON_0015,Container_14000TEU,18.94,130440.0,0.712,2,49,62640.0,1.08,172.33,256.67,458.6,VLSFO
NOON_0016,Container_14000TEU,12.25,88800.0,0.365,0,33,22323.8,0.385,173.74,89.75,290.4,VLSFO
NOON_0017,Container_14000TEU,12.18,126120.0,0.676,1,24,27331.6,0.471,170.51,114.08,287.3,VLSFO
NOON_0018,Container_14000TEU,14.07,136200.0,0.76,1,34,47739.2,0.823,166.31,182.28,326.6,VLSFO
NOON_0019,Container_14000TEU,22.99,157920.0,0.941,8,22,62640.0,1.08,172.33,269.17,555.5,VLSFO
NOON_0020,Container_14000TEU,19.68,122040.0,0.642,1,13,62640.0,1.08,172.33,251.69,479.0,VLSFO
NOON_0021,Container_14000TEU,16.15,102840.0,0.482,1,40,62640.0,1.08,172.33,254.45,392.0,VLSFO
NOON_0022,Container_14000TEU,20.24,143160.0,0.818,3,28,62640.0,1.08,172.33,259.24,483.4,VLSFO
NOON_0023,Container_14000TEU,18.77,93600.0,0.405,1,39,62640.0,1.08,172.33,269.63,441.4,VLSFO
NOON_0024,Container_14000TEU,11.95,95040.0,0.417,8,2,31330.2,0.54,168.56,124.31,291.2,VLSFO
NOON_0025,Container_14000TEU,17.84,114000.0,0.575,5,14,62640.0,1.08,172.33,247.64,423.4,VLSFO
NOON_0026,Container_14000TEU,20.57,93480.0,0.404,3,1,62640.0,1.08,172.33,281.72,501.7,VLSFO
NOON_0027,Container_14000TEU,17.72,123960.0,0.658,1,47,62640.0,1.08,172.33,255.84,419.5,VLSFO
NOON_0028,Container_14000TEU,10.29,151440.0,0.887,7,16,24252.9,0.418,172.4,99.87,245.3,VLSFO
NOON_0029,Container_14000TEU,11.47,139440.0,0.787,1,12,23343.0,0.402,173.02,102.07,277.0,VLSFO
NOON_0030,Container_14000TEU,11.45,158400.0,0.945,3,32,28121.5,0.485,170.08,111.47,273.0,VLSFO
NOON_0031,Container_14000TEU,15.01,151680.0,0.889,1,48,62640.0,1.08,172.33,266.31,352.1,VLSFO
NOON_0032,Container_14000TEU,16.95,106920.0,0.516,4,15,62640.0,1.08,172.33,262.54,391.6,VLSFO
NOON_0033,Container_14000TEU,15.87,164400.0,0.995,3,4,62640.0,1.08,172.33,260.31,386.1,VLSFO
NOON_0034,Container_14000TEU,17.0,111600.0,0.555,6,37,62640.0,1.08,172.33,255.88,400.8,VLSFO
NOON_0035,Container_14000TEU,11.28,145200.0,0.835,2,0,22912.7,0.395,173.32,91.4,261.9,VLSFO
NOON_0036,Container_14000TEU,21.22,99000.0,0.45,0,46,62640.0,1.08,172.33,270.43,515.6,VLSFO
NOON_0037,Container_14000TEU,12.65,111240.0,0.552,1,16,28074.7,0.484,170.11,114.6,294.1,VLSFO
NOON_0038,Container_14000TEU,10.19,104880.0,0.499,0,48,13991.9,0.241,184.65,63.2,236.6,VLSFO
NOON_0039,Container_14000TEU,16.84,141120.0,0.801,8,20,62640.0,1.08,172.33,256.47,405.3,VLSFO
NOON_0040,Container_14000TEU,19.98,97200.0,0.435,1,9,62640.0,1.08,172.33,262.87,471.8,VLSFO
NOON_0041,Container_14000TEU,14.06,125160.0,0.668,4,15,48651.1,0.839,166.46,193.46,342.7,VLSFO
NOON_0042,Container_14000TEU,10.34,130320.0,0.711,4,47,19240.6,0.332,176.77,78.97,240.3,VLSFO
NOON_0043,Container_14000TEU,15.66,162360.0,0.978,1,9,62640.0,1.08,172.33,256.84,371.3,VLSFO
NOON_0044,Container_14000TEU,20.59,88440.0,0.362,0,46,62640.0,1.08,172.33,253.4,498.0,VLSFO
NOON_0045,Container_14000TEU,13.14,128400.0,0.695,7,46,52874.2,0.912,167.52,226.68,310.6,VLSFO
NOON_0046,Container_14000TEU,15.05,120240.0,0.627,4,43,62640.0,1.08,172.33,245.41,356.6,VLSFO
NOON_0047,Container_14000TEU,13.35,105480.0,0.504,1,42,34454.5,0.594,167.41,150.5,308.9,VLSFO
NOON_0048,Container_14000TEU,18.02,98400.0,0.445,1,40,62640.0,1.08,172.33,251.4,418.9,VLSFO
NOON_0049,Container_14000TEU,22.43,99960.0,0.458,3,28,62640.0,1.08,172.33,248.38,517.5,VLSFO
NOON_0050,Container_14000TEU,10.75,100680.0,0.464,1,7,15003.5,0.259,183.06,66.85,258.2,VLSFO
NOON_0051,Container_14000TEU,15.31,111840.0,0.557,1,36,55827.6,0.963,168.62,221.04,353.7,VLSFO
NOON_0052,Container_14000TEU,12.45,105480.0,0.504,0,43,27112.1,0.467,170.64,116.27,294.3,VLSFO
NOON_0053,Container_14000TEU,10.66,116160.0,0.593,4,44,19578.5,0.338,176.3,85.8,246.4,VLSFO
NOON_0054,Container_14000TEU,22.49,94680.0,0.414,1,5,62640.0,1.08,172.33,262.6,549.9,VLSFO
NOON_0055,Container_14000TEU,20.83,147840.0,0.857,5,30,62640.0,1.08,172.33,258.27,496.0,VLSFO
NOON_0056,Container_14000TEU,16.94,153840.0,0.907,2,38,62640.0,1.08,172.33,257.23,405.9,VLSFO
NOON_0057,Container_14000TEU,13.6,97920.0,0.441,1,8,32426.1,0.559,168.12,137.61,320.5,VLSFO
NOON_0058,Container_14000TEU,14.95,112560.0,0.563,2,20,51172.3,0.882,167.02,198.64,350.8,VLSFO
NOON_0059,Container_14000TEU,22.81,158520.0,0.946,3,38,62640.0,1.08,172.33,262.48,553.4,VLSFO
NOON_0060,Container_14000TEU,18.81,149760.0,0.873,3,16,62640.0,1.08,172.33,259.59,441.2,VLSFO
NOON_0061,Container_14000TEU,19.92,102840.0,0.482,1,25,62640.0,1.08,172.33,259.62,476.6,VLSFO
NOON_0062,Container_14000TEU,11.28,143640.0,0.822,0,43,23932.3,0.413,172.61,94.47,262.1,VLSFO
NOON_0063,Container_14000TEU,22.94,149520.0,0.871,3,22,62640.0,1.08,172.33,253.64,559.8,VLSFO
NOON_0064,Container_14000TEU,13.42,133080.0,0.734,0,39,40281.8,0.695,166.18,162.16,320.1,VLSFO
NOON_0065,Container_14000TEU,17.73,123360.0,0.653,3,36,62640.0,1.08,172.33,262.29,421.1,VLSFO
NOON_0066,Container_14000TEU,18.09,159600.0,0.955,0,38,62640.0,1.08,172.33,246.78,419.1,VLSFO
NOON_0067,Container_14000TEU,18.88,119640.0,0.622,4,10,62640.0,1.08,172.33,267.37,459.4,VLSFO
NOON_0068,Container_14000TEU,20.29,108120.0,0.526,1,33,62640.0,1.08,172.33,257.92,472.1,VLSFO
NOON_0069,Container_14000TEU,12.0,159960.0,0.958,7,36,44013.9,0.759,166.0,183.15,286.0,VLSFO
NOON_0070,Container_14000TEU,22.64,147840.0,0.857,1,19,62640.0,1.08,172.33,259.16,553.8,VLSFO
NOON_0071,Container_14000TEU,19.69,161160.0,0.968,1,13,62640.0,1.08,172.33,257.48,457.1,VLSFO
NOON_0072,Container_14000TEU,17.94,140520.0,0.796,0,42,62640.0,1.08,172.33,269.25,434.7,VLSFO
NOON_0073,Container_14000TEU,13.99,122760.0,0.648,1,0,41103.6,0.709,166.1,166.43,338.1,VLSFO
NOON_0074,Container_14000TEU,11.49,164760.0,0.998,3,15,28160.5,0.486,170.06,113.31,278.6,VLSFO
NOON_0075,Container_14000TEU,11.44,164880.0,0.999,3,6,27370.1,0.472,170.49,114.55,278.4,VLSFO
NOON_0076,Container_14000TEU,10.39,105840.0,0.507,2,32,14909.8,0.257,183.2,65.94,242.4,VLSFO
NOON_0077,Container_14000TEU,22.29,138240.0,0.777,0,0,62640.0,1.08,172.33,265.52,533.0,VLSFO
NOON_0078,Container_14000TEU,20.82,105600.0,0.505,4,0,62640.0,1.08,172.33,253.8,503.7,VLSFO
NOON_0079,Container_14000TEU,22.53,147240.0,0.852,6,40,62640.0,1.08,172.33,258.53,523.1,VLSFO
NOON_0080,Container_14000TEU,16.81,145080.0,0.834,6,41,62640.0,1.08,172.33,252.56,391.1,VLSFO
NOON_0081,Container_14000TEU,19.92,102000.0,0.475,4,4,62640.0,1.08,172.33,272.44,476.5,VLSFO
NOON_0082,Container_14000TEU,10.74,135120.0,0.751,0,35,19100.3,0.329,176.97,80.8,258.4,VLSFO
NOON_0083,Container_14000TEU,12.34,94200.0,0.41,2,18,23801.0,0.41,172.7,96.72,298.2,VLSFO
NOON_0084,Container_14000TEU,18.59,131640.0,0.722,0,49,62640.0,1.08,172.33,269.33,436.4,VLSFO
NOON_0085,Container_14000TEU,17.8,141600.0,0.805,1,22,62640.0,1.08,172.33,262.05,423.1,VLSFO
NOON_0086,Container_14000TEU,15.45,123960.0,0.658,0,47,62640.0,1.08,172.33,259.61,362.2,VLSFO
NOON_0087,Container_14000TEU,14.11,120360.0,0.628,3,20,45898.1,0.791,166.1,184.69,333.4,VLSFO
NOON_0088,Container_14000TEU,12.94,132840.0,0.732,2,31,36102.6,0.622,166.95,142.66,305.9,VLSFO
NOON_0089,Container_14000TEU,16.4,104640.0,0.497,1,17,62640.0,1.08,172.33,255.91,393.2,VLSFO
NOON_0090,Container_14000TEU,18.81,111720.0,0.556,8,28,62640.0,1.08,172.33,267.34,445.1,VLSFO
NOON_0091,Container_14000TEU,18.45,115080.0,0.584,3,40,62640.0,1.08,172.33,259.78,449.6,VLSFO
NOON_0092,Container_14000TEU,16.8,127560.0,0.688,8,36,62640.0,1.08,172.33,262.41,407.3,VLSFO
NOON_0093,Container_14000TEU,16.67,96000.0,0.425,0,43,62640.0,1.08,172.33,261.92,390.8,VLSFO
NOON_0094,Container_14000TEU,14.51,100440.0,0.462,2,42,45200.0,0.779,166.05,170.23,334.6,VLSFO
NOON_0095,Container_14000TEU,21.17,153840.0,0.907,2,35,62640.0,1.08,172.33,253.48,491.4,VLSFO
NOON_0096,Container_14000TEU,14.93,161760.0,0.973,1,7,61852.9,1.066,171.82,258.62,359.2,VLSFO
NOON_0097,Container_14000TEU,15.24,137040.0,0.767,0,33,61963.4,1.068,171.89,258.26,354.7,VLSFO
NOON_0098,Container_14000TEU,12.24,152280.0,0.894,2,10,31449.5,0.542,168.51,132.28,284.5,VLSFO
NOON_0099,Container_14000TEU,16.05,117600.0,0.605,1,41,62640.0,1.08,172.33,261.08,380.6,VLSFO
NOON_0100,Container_14000TEU,12.03,101160.0,0.468,4,37,26290.7,0.453,171.11,109.43,281.2,VLSFO
NOON_0101,Container_14000TEU,13.94,125280.0,0.669,5,36,52884.0,0.912,167.52,207.6,326.1,VLSFO
NOON_0102,Container_14000TEU,21.39,136680.0,0.764,4,24,62640.0,1.08,172.33,257.1,516.3,VLSFO
NOON_0103,Container_14000TEU,10.78,115560.0,0.588,2,44,18437.8,0.318,177.91,79.64,255.9,VLSFO
NOON_0104,Container_14000TEU,20.38,153480.0,0.904,8,16,62640.0,1.08,172.33,256.68,486.8,VLSFO
NOON_0105,Container_14000TEU,21.48,113520.0,0.571,0,1,62640.0,1.08,172.33,261.67,514.4,VLSFO
NOON_0106,Container_14000TEU,12.4,113400.0,0.57,2,19,27429.8,0.473,170.46,111.68,302.3,VLSFO
NOON_0107,Container_14000TEU,16.05,111000.0,0.55,1,28,62640.0,1.08,172.33,261.11,386.0,VLSFO
NOON_0108,Container_14000TEU,18.56,163560.0,0.988,2,0,62640.0,1.08,172.33,268.77,448.0,VLSFO
NOON_0109,Container_14000TEU,22.19,143160.0,0.818,8,31,62640.0,1.08,172.33,250.74,514.9,VLSFO
NOON_0110,Container_14000TEU,19.89,121320.0,0.636,2,39,62640.0,1.08,172.33,260.9,486.0,VLSFO
NOON_0111,Container_14000TEU,23.29,109440.0,0.537,4,48,62640.0,1.08,172.33,255.77,540.8,VLSFO
NOON_0112,Container_14000TEU,10.55,147600.0,0.855,3,37,20645.7,0.356,175.02,88.84,250.1,VLSFO
NOON_0113,Container_14000TEU,23.2,119160.0,0.618,2,32,62640.0,1.08,172.33,254.19,561.3,VLSFO
NOON_0114,Container_14000TEU,22.48,151200.0,0.885,0,4,62640.0,1.08,172.33,245.97,519.5,VLSFO
NOON_0115,Container_14000TEU,11.48,139680.0,0.789,2,32,25057.5,0.432,171.87,100.86,276.7,VLSFO
NOON_0116,Container_14000TEU,20.81,90840.0,0.382,0,38,62640.0,1.08,172.33,270.35,505.2,VLSFO
NOON_0117,Container_14000TEU,10.06,127200.0,0.685,3,26,15530.2,0.268,182.24,66.84,244.8,VLSFO
NOON_0118,Container_14000TEU,19.07,105480.0,0.504,4,1,62640.0,1.08,172.33,271.59,462.8,VLSFO
NOON_0119,Container_14000TEU,14.04,133080.0,0.734,1,5,44087.1,0.76,166.01,174.65,327.3,VLSFO
NOON_0120,Container_14000TEU,11.14,113640.0,0.572,2,13,18968.7,0.327,177.16,82.34,272.7,VLSFO
NOON_0121,Container_14000TEU,14.0,118800.0,0.615,1,5,40485.3,0.698,166.16,153.06,330.5,VLSFO
NOON_0122,Container_14000TEU,22.36,125760.0,0.673,1,28,62640.0,1.08,172.33,272.03,517.3,VLSFO
NOON_0123,Container_14000TEU,12.73,88320.0,0.361,1,48,26520.8,0.457,170.98,112.79,301.0,VLSFO
NOON_0124,Container_14000TEU,22.95,145680.0,0.839,4,31,62640.0,1.08,172.33,256.41,558.4,VLSFO
NOON_0125,Container_14000TEU,13.17,112320.0,0.561,8,15,49417.9,0.852,166.6,182.39,314.6,VLSFO
NOON_0126,Container_14000TEU,18.82,110400.0,0.545,1,26,62640.0,1.08,172.33,265.57,437.8,VLSFO
NOON_0127,Container_14000TEU,21.8,109080.0,0.534,0,12,62640.0,1.08,172.33,257.77,516.0,VLSFO
NOON_0128,Container_14000TEU,16.43,164640.0,0.997,1,39,62640.0,1.08,172.33,255.69,382.9,VLSFO
NOON_0129,Container_14000TEU,17.59,94920.0,0.416,5,15,62640.0,1.08,172.33,261.51,416.2,VLSFO
NOON_0130,Container_14000TEU,10.48,161880.0,0.974,0,47,20473.7,0.353,175.16,84.05,245.2,VLSFO
NOON_0131,Container_14000TEU,10.88,122520.0,0.646,1,39,19036.3,0.328,177.06,80.3,252.4,VLSFO
NOON_0132,Container_14000TEU,15.19,91680.0,0.389,5,15,54668.5,0.943,168.15,214.6,356.6,VLSFO
NOON_0133,Container_14000TEU,15.32,119520.0,0.621,0,14,55264.0,0.953,168.39,216.41,353.0,VLSFO
NOON_0134,Container_14000TEU,16.86,125160.0,0.668,1,5,62640.0,1.08,172.33,264.4,407.4,VLSFO
NOON_0135,Container_14000TEU,21.36,107280.0,0.519,0,29,62640.0,1.08,172.33,247.44,513.2,VLSFO
NOON_0136,Container_14000TEU,13.08,112800.0,0.565,1,12,31468.0,0.543,168.5,122.9,310.0,VLSFO
NOON_0137,Container_14000TEU,19.61,98760.0,0.448,0,15,62640.0,1.08,172.33,261.23,452.1,VLSFO
NOON_0138,Container_14000TEU,12.54,89400.0,0.37,0,6,22993.9,0.396,173.26,89.17,293.3,VLSFO
NOON_0139,Container_14000TEU,17.68,133080.0,0.734,8,24,62640.0,1.08,172.33,266.3,423.1,VLSFO
NOON_0140,Container_14000TEU,12.2,147240.0,0.852,8,0,44906.9,0.774,166.03,179.01,297.2,VLSFO
NOON_0141,Container_14000TEU,16.14,134040.0,0.742,1,36,62640.0,1.08,172.33,265.71,390.4,VLSFO
NOON_0142,Container_14000TEU,18.11,103920.0,0.491,1,40,62640.0,1.08,172.33,264.82,419.3,VLSFO
NOON_0143,Container_14000TEU,10.4,114000.0,0.575,0,35,15311.9,0.264,182.58,64.52,250.2,VLSFO
NOON_0144,Container_14000TEU,19.97,111720.0,0.556,8,8,62640.0,1.08,172.33,269.57,463.7,VLSFO
NOON_0145,Container_14000TEU,11.94,141120.0,0.801,0,39,28319.5,0.488,169.98,111.02,275.2,VLSFO
NOON_0146,Container_14000TEU,10.22,164520.0,0.996,1,25,18168.4,0.313,178.3,77.77,248.7,VLSFO
NOON_0147,Container_14000TEU,21.89,128880.0,0.699,1,9,62640.0,1.08,172.33,253.27,523.1,VLSFO
NOON_0148,Container_14000TEU,13.98,138720.0,0.781,2,13,46361.7,0.799,166.14,184.18,334.1,VLSFO
NOON_0149,Container_14000TEU,13.12,155160.0,0.918,0,30,40462.9,0.698,166.16,156.11,309.8,VLSFO
NOON_0150,Container_14000TEU,19.15,143640.0,0.822,3,30,62640.0,1.08,172.33,258.04,468.3,VLSFO
NOON_0151,Container_14000TEU,15.66,127080.0,0.684,0,1,60880.4,1.05,171.22,252.07,370.0,VLSFO
NOON_0152,Container_14000TEU,11.27,156360.0,0.928,2,39,25839.2,0.446,171.39,107.06,262.1,VLSFO
NOON_0153,Container_14000TEU,22.98,100920.0,0.466,0,45,62640.0,1.08,172.33,261.54,536.5,VLSFO
NOON_0154,Container_14000TEU,16.34,144240.0,0.827,4,42,62640.0,1.08,172.33,259.31,388.6,VLSFO
NOON_0155,Container_14000TEU,20.01,144000.0,0.825,4,47,62640.0,1.08,172.33,250.3,487.1,VLSFO
NOON_0156,Container_14000TEU,21.69,149280.0,0.869,1,28,62640.0,1.08,172.33,270.16,523.0,VLSFO
NOON_0157,Container_14000TEU,10.31,163320.0,0.986,1,40,19303.1,0.333,176.68,81.62,243.4,VLSFO
NOON_0158,Container_14000TEU,14.31,134520.0,0.746,1,35,50229.3,0.866,166.78,196.79,342.1,VLSFO
NOON_0159,Container_14000TEU,22.63,123480.0,0.654,1,16,62640.0,1.08,172.33,261.23,525.7,VLSFO
NOON_0160,Container_14000TEU,12.2,140400.0,0.795,3,18,31119.5,0.537,168.65,128.48,285.4,VLSFO
NOON_0161,Container_14000TEU,11.34,145800.0,0.84,5,17,28082.1,0.484,170.11,117.5,264.3,VLSFO
NOON_0162,Container_14000TEU,17.05,123480.0,0.654,3,13,62640.0,1.08,172.33,261.24,404.7,VLSFO
NOON_0163,Container_14000TEU,22.95,137880.0,0.774,1,44,62640.0,1.08,172.33,258.97,538.5,VLSFO
NOON_0164,Container_14000TEU,20.32,155400.0,0.92,1,5,62640.0,1.08,172.33,266.43,496.9,VLSFO
NOON_0165,Container_14000TEU,22.87,92640.0,0.397,0,47,62640.0,1.08,172.33,255.72,530.1,VLSFO
NOON_0166,Container_14000TEU,21.42,135120.0,0.751,4,15,62640.0,1.08,172.33,255.9,501.3,VLSFO
NOON_0167,Container_14000TEU,12.16,153480.0,0.904,1,26,31120.0,0.537,168.65,127.77,286.7,VLSFO
NOON_0168,Container_14000TEU,15.47,146280.0,0.844,8,36,62640.0,1.08,172.33,271.41,377.4,VLSFO
NOON_0169,Container_14000TEU,11.63,156840.0,0.932,0,19,26566.1,0.458,170.95,105.48,271.0,VLSFO
NOON_0170,Container_14000TEU,15.58,122040.0,0.642,1,13,59686.4,1.029,170.53,251.51,378.1,VLSFO
NOON_0171,Container_14000TEU,21.81,113520.0,0.571,2,35,62640.0,1.08,172.33,244.45,507.6,VLSFO
NOON_0172,Container_14000TEU,22.69,156240.0,0.927,6,12,62640.0,1.08,172.33,257.78,538.8,VLSFO
NOON_0173,Container_14000TEU,17.15,128880.0,0.699,3,18,62640.0,1.08,172.33,259.12,418.7,VLSFO
NOON_0174,Container_14000TEU,16.51,161400.0,0.97,0,6,62640.0,1.08,172.33,263.65,385.3,VLSFO
NOON_0175,Container_14000TEU,13.42,89400.0,0.37,1,7,29143.5,0.502,169.56,121.75,320.9,VLSFO
NOON_0176,Container_14000TEU,16.28,118200.0,0.61,1,45,62640.0,1.08,172.33,261.68,398.3,VLSFO
NOON_0177,Container_14000TEU,21.05,144840.0,0.832,3,41,62640.0,1.08,172.33,262.78,495.3,VLSFO
NOON_0178,Container_14000TEU,10.68,113760.0,0.573,8,7,24379.4,0.42,172.31,107.61,257.6,VLSFO
NOON_0179,Container_14000TEU,20.71,103560.0,0.488,4,26,62640.0,1.08,172.33,258.22,477.2,VLSFO
NOON_0180,Container_14000TEU,23.41,108960.0,0.533,0,21,62640.0,1.08,172.33,266.25,543.7,VLSFO
NOON_0181,Container_14000TEU,12.06,136320.0,0.761,1,7,26991.8,0.465,170.71,107.27,290.5,VLSFO
NOON_0182,Container_14000TEU,16.22,138480.0,0.779,3,46,62640.0,1.08,172.33,262.52,395.9,VLSFO
NOON_0183,Container_14000TEU,14.63,100800.0,0.465,1,49,46283.7,0.798,166.13,188.04,346.5,VLSFO
NOON_0184,Container_14000TEU,22.05,145440.0,0.837,5,42,62640.0,1.08,172.33,256.72,529.0,VLSFO
NOON_0185,Container_14000TEU,14.08,160920.0,0.966,2,36,55104.6,0.95,168.33,221.88,335.8,VLSFO
NOON_0186,Container_14000TEU,19.72,126720.0,0.681,7,36,62640.0,1.08,172.33,265.47,472.7,VLSFO
NOON_0187,Container_14000TEU,14.62,118800.0,0.615,0,12,46896.0,0.809,166.2,188.97,350.9,VLSFO
NOON_0188,Container_14000TEU,18.85,138720.0,0.781,0,6,62640.0,1.08,172.33,249.47,439.7,VLSFO
NOON_0189,Container_14000TEU,20.51,154080.0,0.909,1,45,62640.0,1.08,172.33,259.48,480.7,VLSFO
NOON_0190,Container_14000TEU,11.87,109080.0,0.534,2,33,23823.1,0.411,172.69,99.67,276.9,VLSFO
NOON_0191,Container_14000TEU,17.32,141720.0,0.806,2,29,62640.0,1.08,172.33,259.35,414.7,VLSFO
NOON_0192,Container_14000TEU,14.33,163080.0,0.984,3,30,60510.6,1.043,171.0,244.6,330.6,VLSFO
NOON_0193,Container_14000TEU,15.4,155280.0,0.919,5,18,62640.0,1.08,172.33,265.33,373.8,VLSFO
NOON_0194,Container_14000TEU,14.35,129480.0,0.704,0,22,47563.3,0.82,166.29,190.4,337.5,VLSFO
NOON_0195,Container_14000TEU,13.3,158160.0,0.943,3,15,44733.7,0.771,166.03,180.59,320.7,VLSFO
NOON_0196,Container_14000TEU,20.32,146520.0,0.846,1,42,62640.0,1.08,172.33,248.37,475.2,VLSFO
NOON_0197,Container_14000TEU,18.71,109560.0,0.538,2,23,62640.0,1.08,172.33,257.88,437.0,VLSFO
NOON_0198,Container_14000TEU,21.02,154080.0,0.909,2,29,62640.0,1.08,172.33,258.6,494.5,VLSFO
NOON_0199,Container_14000TEU,20.77,152400.0,0.895,1,34,62640.0,1.08,172.33,250.41,490.2,VLSFO
NOON_0200,Container_14000TEU,23.48,102000.0,0.475,1,38,62640.0,1.08,172.33,269.32,561.9,VLSFO
NOON_0201,Container_14000TEU,22.59,163560.0,0.988,0,46,62640.0,1.08,172.33,262.43,529.3,VLSFO
NOON_0202,Container_14000TEU,21.95,138720.0,0.781,0,6,62640.0,1.08,172.33,247.07,511.3,VLSFO
NOON_0203,Container_14000TEU,15.72,130080.0,0.709,3,14,62640.0,1.08,172.33,260.47,384.6,VLSFO
NOON_0204,Container_14000TEU,23.49,127320.0,0.686,0,34,62640.0,1.08,172.33,262.91,574.2,VLSFO
NOON_0205,Container_14000TEU,14.3,123000.0,0.65,1,10,44797.4,0.772,166.03,181.29,336.7,VLSFO
NOON_0206,Container_14000TEU,20.63,151920.0,0.891,3,2,62640.0,1.08,172.33,269.2,484.9,VLSFO
NOON_0207,Container_14000TEU,20.11,149520.0,0.871,1,11,62640.0,1.08,172.33,259.86,488.8,VLSFO
NOON_0208,Container_14000TEU,11.3,99000.0,0.45,2,44,19474.5,0.336,176.44,80.02,261.2,VLSFO
NOON_0209,Container_14000TEU,10.01,121080.0,0.634,5,4,16004.1,0.276,181.52,69.16,242.5,VLSFO
NOON_0210,Container_14000TEU,12.27,98400.0,0.445,8,1,35006.3,0.604,167.25,136.74,292.2,VLSFO
NOON_0211,Container_14000TEU,21.06,94200.0,0.41,4,27,62640.0,1.08,172.33,259.55,508.0,VLSFO
NOON_0212,Container_14000TEU,16.81,145560.0,0.838,4,36,62640.0,1.08,172.33,241.04,392.6,VLSFO
NOON_0213,Container_14000TEU,12.81,145560.0,0.838,1,37,36716.0,0.633,166.79,145.28,298.4,VLSFO
NOON_0214,Container_14000TEU,21.11,118080.0,0.609,3,4,62640.0,1.08,172.33,254.71,500.0,VLSFO
NOON_0215,Container_14000TEU,15.3,155280.0,0.919,8,47,62640.0,1.08,172.33,248.05,357.4,VLSFO
NOON_0216,Container_14000TEU,18.86,109560.0,0.538,5,43,62640.0,1.08,172.33,251.41,449.5,VLSFO
NOON_0217,Container_14000TEU,21.19,142440.0,0.812,0,26,62640.0,1.08,172.33,250.14,503.1,VLSFO
NOON_0218,Container_14000TEU,13.51,119640.0,0.622,2,2,36897.5,0.636,166.75,140.58,322.2,VLSFO
NOON_0219,Container_14000TEU,15.2,108120.0,0.526,3,8,53671.4,0.925,167.79,221.67,365.0,VLSFO
NOON_0220,Container_14000TEU,10.89,87120.0,0.351,1,15,14414.0,0.249,183.98,63.04,261.0,VLSFO
NOON_0221,Container_14000TEU,12.32,156480.0,0.929,3,41,36461.1,0.629,166.86,144.89,284.9,VLSFO
NOON_0222,Container_14000TEU,12.9,132720.0,0.731,1,23,34202.0,0.59,167.49,133.66,301.2,VLSFO
NOON_0223,Container_14000TEU,11.34,103200.0,0.485,3,26,20178.5,0.348,175.46,84.71,275.3,VLSFO
NOON_0224,Container_14000TEU,14.33,115080.0,0.584,0,8,42661.9,0.736,166.01,181.61,335.6,VLSFO
NOON_0225,Container_14000TEU,18.24,103080.0,0.484,8,1,62640.0,1.08,172.33,238.46,423.1,VLSFO
NOON_0226,Container_14000TEU,11.56,135360.0,0.753,0,46,25172.4,0.434,171.8,107.92,278.9,VLSFO
NOON_0227,Container_14000TEU,21.07,128040.0,0.692,4,3,62640.0,1.08,172.33,254.59,503.0,VLSFO
NOON_0228,Container_14000TEU,20.88,100320.0,0.461,4,16,62640.0,1.08,172.33,249.87,495.9,VLSFO
NOON_0229,Container_14000TEU,23.11,116640.0,0.597,4,39,62640.0,1.08,172.33,259.28,543.1,VLSFO
NOON_0230,Container_14000TEU,12.61,95040.0,0.417,1,29,25711.0,0.443,171.47,102.63,297.0,VLSFO
NOON_0231,Container_14000TEU,15.52,120600.0,0.63,5,18,62640.0,1.08,172.33,245.02,366.3,VLSFO
NOON_0232,Container_14000TEU,14.45,122160.0,0.643,2,46,51331.8,0.885,167.06,200.89,346.6,VLSFO
NOON_0233,Container_14000TEU,17.48,111960.0,0.558,3,3,62640.0,1.08,172.33,272.59,406.9,VLSFO
NOON_0234,Container_14000TEU,19.76,117360.0,0.603,1,18,62640.0,1.08,172.33,255.59,476.8,VLSFO
NOON_0235,Container_14000TEU,13.48,151440.0,0.887,5,9,50686.9,0.874,166.89,206.64,311.6,VLSFO
NOON_0236,Container_14000TEU,22.76,117600.0,0.605,0,29,62640.0,1.08,172.33,259.25,525.7,VLSFO
NOON_0237,Container_14000TEU,19.19,130920.0,0.716,0,16,62640.0,1.08,172.33,242.2,455.9,VLSFO
NOON_0238,Container_14000TEU,16.29,87480.0,0.354,0,37,57996.7,1.0,169.63,226.72,395.9,VLSFO
NOON_0239,Container_14000TEU,15.04,131040.0,0.717,1,33,58026.9,1.0,169.64,233.46,357.3,VLSFO
NOON_0240,Container_14000TEU,17.24,162360.0,0.978,8,8,62640.0,1.08,172.33,253.93,401.9,VLSFO
NOON_0241,Container_14000TEU,18.02,155520.0,0.921,2,5,62640.0,1.08,172.33,263.84,427.7,VLSFO
NOON_0242,Container_14000TEU,17.62,163560.0,0.988,1,5,62640.0,1.08,172.33,268.65,415.4,VLSFO
NOON_0243,Container_14000TEU,15.64,96240.0,0.427,3,11,54900.1,0.947,168.24,224.37,367.2,VLSFO
NOON_0244,Container_14000TEU,21.8,88920.0,0.366,1,41,62640.0,1.08,172.33,247.53,523.9,VLSFO
NOON_0245,Container_14000TEU,12.21,139080.0,0.784,2,39,31255.3,0.539,168.59,127.33,289.4,VLSFO
NOON_0246,Container_14000TEU,17.05,103680.0,0.489,2,30,62640.0,1.08,172.33,264.84,401.3,VLSFO
NOON_0247,Container_14000TEU,11.31,160920.0,0.966,1,11,24461.2,0.422,172.26,106.77,261.9,VLSFO
NOON_0248,Container_14000TEU,18.8,154920.0,0.916,5,40,62640.0,1.08,172.33,252.87,444.8,VLSFO
NOON_0249,Container_14000TEU,10.48,128640.0,0.697,0,10,16158.2,0.279,181.28,72.23,255.1,VLSFO
NOON_0250,Container_14000TEU,10.61,159960.0,0.958,8,35,31683.4,0.546,168.41,129.42,257.2,VLSFO
NOON_0251,Container_14000TEU,12.1,128760.0,0.698,4,43,31973.9,0.551,168.29,128.16,286.5,VLSFO
NOON_0252,Container_14000TEU,10.85,162600.0,0.98,0,28,21989.2,0.379,173.99,90.78,254.5,VLSFO
NOON_0253,Container_14000TEU,23.02,94320.0,0.411,7,6,62640.0,1.08,172.33,247.3,562.7,VLSFO
NOON_0254,Container_14000TEU,21.37,160560.0,0.963,2,35,62640.0,1.08,172.33,261.9,509.2,VLSFO
NOON_0255,Container_14000TEU,17.34,157080.0,0.934,3,21,62640.0,1.08,172.33,236.79,410.9,VLSFO
NOON_0256,Container_14000TEU,15.22,115200.0,0.585,3,35,59443.2,1.025,170.39,252.19,352.4,VLSFO
NOON_0257,Container_14000TEU,20.53,121800.0,0.64,8,41,62640.0,1.08,172.33,254.85,477.7,VLSFO
NOON_0258,Container_14000TEU,12.78,163080.0,0.984,1,30,38632.0,0.666,166.41,153.44,311.7,VLSFO
NOON_0259,Container_14000TEU,23.19,105480.0,0.504,0,17,62640.0,1.08,172.33,255.25,540.8,VLSFO
NOON_0260,Container_14000TEU,17.68,158160.0,0.943,1,7,62640.0,1.08,172.33,259.0,412.5,VLSFO
NOON_0261,Container_14000TEU,20.81,135240.0,0.752,2,31,62640.0,1.08,172.33,269.7,482.2,VLSFO
NOON_0262,Container_14000TEU,13.05,121200.0,0.635,1,47,35494.6,0.612,167.11,142.47,315.2,VLSFO
NOON_0263,Container_14000TEU,17.3,101280.0,0.469,3,9,62640.0,1.08,172.33,251.99,409.4,VLSFO
NOON_0264,Container_14000TEU,13.09,143280.0,0.819,0,32,38258.5,0.66,166.47,151.62,305.1,VLSFO
NOON_0265,Container_14000TEU,11.45,125760.0,0.673,2,1,21898.8,0.378,174.06,90.27,280.2,VLSFO
NOON_0266,Container_14000TEU,16.56,124320.0,0.661,2,25,62640.0,1.08,172.33,261.87,395.7,VLSFO
NOON_0267,Container_14000TEU,13.08,136680.0,0.764,0,29,36718.3,0.633,166.79,153.67,318.3,VLSFO
NOON_0268,Container_14000TEU,16.42,91680.0,0.389,0,49,62640.0,1.08,172.33,258.25,396.8,VLSFO
NOON_0269,Container_14000TEU,15.78,136800.0,0.765,5,38,62640.0,1.08,172.33,272.95,378.6,VLSFO
NOON_0270,Container_14000TEU,19.07,161880.0,0.974,1,31,62640.0,1.08,172.33,262.64,461.7,VLSFO
NOON_0271,Container_14000TEU,16.83,144480.0,0.829,7,26,62640.0,1.08,172.33,245.33,390.9,VLSFO
NOON_0272,Container_14000TEU,12.68,135840.0,0.757,5,10,38466.3,0.663,166.44,152.77,297.1,VLSFO
NOON_0273,Container_14000TEU,11.49,161520.0,0.971,1,14,25987.5,0.448,171.3,108.28,273.5,VLSFO
NOON_0274,Container_14000TEU,21.92,146280.0,0.844,4,9,62640.0,1.08,172.33,252.78,516.3,VLSFO
NOON_0275,Container_14000TEU,16.46,98520.0,0.446,0,12,61575.4,1.062,171.64,253.48,392.3,VLSFO
NOON_0276,Container_14000TEU,19.52,92400.0,0.395,6,15,62640.0,1.08,172.33,261.58,470.8,VLSFO
NOON_0277,Container_14000TEU,21.0,121920.0,0.641,8,13,62640.0,1.08,172.33,269.37,489.2,VLSFO
NOON_0278,Container_14000TEU,16.31,117600.0,0.605,2,12,62640.0,1.08,172.33,258.73,383.2,VLSFO
NOON_0279,Container_14000TEU,13.68,97200.0,0.435,3,35,37128.8,0.64,166.7,139.64,319.8,VLSFO
NOON_0280,Container_14000TEU,20.3,159600.0,0.955,3,15,62640.0,1.08,172.33,256.62,493.1,VLSFO
NOON_0281,Container_14000TEU,23.48,134880.0,0.749,6,41,62640.0,1.08,172.33,255.77,556.6,VLSFO
NOON_0282,Container_14000TEU,11.1,88200.0,0.36,8,45,25428.5,0.438,171.64,106.69,262.3,VLSFO
NOON_0283,Container_14000TEU,17.67,130080.0,0.709,8,49,62640.0,1.08,172.33,251.61,427.3,VLSFO
NOON_0284,Container_14000TEU,21.45,164640.0,0.997,8,5,62640.0,1.08,172.33,257.04,503.9,VLSFO
NOON_0285,Container_14000TEU,15.42,107880.0,0.524,3,31,58867.6,1.015,170.08,227.45,367.6,VLSFO
NOON_0286,Container_14000TEU,14.0,100200.0,0.46,1,46,39458.4,0.68,166.28,154.05,341.7,VLSFO
NOON_0287,Container_14000TEU,15.44,152040.0,0.892,3,33,62640.0,1.08,172.33,265.07,373.8,VLSFO
NOON_0288,Container_14000TEU,13.57,158280.0,0.944,1,9,44397.8,0.765,166.01,172.56,328.6,VLSFO
NOON_0289,Container_14000TEU,13.18,108600.0,0.53,4,28,36623.1,0.631,166.82,149.83,311.9,VLSFO
NOON_0290,Container_14000TEU,13.42,147480.0,0.854,3,13,43843.4,0.756,166.0,174.61,325.3,VLSFO
NOON_0291,Container_14000TEU,12.88,87360.0,0.353,3,18,27200.4,0.469,170.59,112.52,300.6,VLSFO
NOON_0292,Container_14000TEU,17.01,150120.0,0.876,0,49,62640.0,1.08,172.33,258.14,410.2,VLSFO
NOON_0293,Container_14000TEU,15.02,101760.0,0.473,3,28,51485.3,0.888,167.1,197.89,364.7,VLSFO
NOON_0294,Container_14000TEU,18.67,140880.0,0.799,5,20,62640.0,1.08,172.33,262.59,441.0,VLSFO
NOON_0295,Container_14000TEU,22.47,106200.0,0.51,3,4,62640.0,1.08,172.33,267.87,532.9,VLSFO
NOON_0296,Container_14000TEU,12.71,101400.0,0.47,2,37,28815.7,0.497,169.72,119.17,307.4,VLSFO
NOON_0297,Container_14000TEU,22.25,149640.0,0.872,3,30,62640.0,1.08,172.33,258.74,517.0,VLSFO
NOON_0298,Container_14000TEU,22.74,118320.0,0.611,1,13,62640.0,1.08,172.33,245.26,537.0,VLSFO
NOON_0299,Container_14000TEU,10.47,99600.0,0.455,3,21,14920.4,0.257,183.19,67.91,255.1,VLSFO
NOON_0300,Container_14000TEU,21.49,153120.0,0.901,0,39,62640.0,1.08,172.33,261.98,522.0,VLSFO
